indicator_id,indicator_name,indicator_descript,text,tweet_id,tweet_rand_num
DT.NFL.PNGC.CD,"PNG, commercial banks and other creditors (NFL, current US$)",Nonguaranteed long-term commercial bank loans from private banks and other private financial institutions. Net flows (or net lending or net disbursements) received by the borrower during the year are disbursements minus principal repayments. Data are in current U.S. dollars.,Nonguaranteed long-term commercial bank loans from private banks and other private financial institutions. Net flows (or net lending or net disbursements) received by the borrower during the year are disbursements minus principal repayments. Data are in current U.S. dollars.#ExternalDebt. Learn more at https://data.worldbank.org/indicator/DT.NFL.PNGC.CD,1313558449339408400,2
NE.CON.PRVT.ZS,Households and NPISHs final consumption expenditure (% of GDP),"Household final consumption expenditure (formerly private consumption) is the market value of all goods and services, including durable products (such as cars, washing machines, and home computers), purchased by households. It excludes purchases of dwellings but includes imputed rent for owner-occupied dwellings. It also includes payments and fees to governments to obtain permits and licenses. Here, household consumption expenditure includes the expenditures of nonprofit institutions serving households, even when reported separately by the country. This item also includes any statistical discrepancy in the use of resources relative to the supply of resources.","Household final consumption expenditure (formerly private consumption) is the market value of all goods and services, including durable products (such as cars, washing machines, and home computers), purchased by households. It excludes purchases of dwellings but includes imputed rent for owner-occupied dwellings. It also includes payments and fees to governments to obtain permits and licenses. Here, household consumption expenditure includes the expenditures of nonprofit institutions serving households, even when reported separately by the country. This item also includes any statistical discrepancy in the use of resources relative to the supply of resources.#Economy&Growth. Learn more at https://data.worldbank.org/indicator/NE.CON.PRVT.ZS",1313559852006899700,2
NY.GNP.MKTP.CN,GNI (current LCU),GNI (formerly GNP) is the sum of value added by all resident producers plus any product taxes (less subsidies) not included in the valuation of output plus net receipts of primary income (compensation of employees and property income) from abroad. Data are in current local currency.,GNI (formerly GNP) is the sum of value added by all resident producers plus any product taxes (less subsidies) not included in the valuation of output plus net receipts of primary income (compensation of employees and property income) from abroad. Data are in current local currency.#Economy&Growth. Learn more at https://data.worldbank.org/indicator/NY.GNP.MKTP.CN,1313559852006899700,2
SL.IND.EMPL.FE.ZS,"Employment in industry, female (% of female employment) (modeled ILO estimate)","Employment is defined as persons of working age who were engaged in any activity to produce goods or provide services for pay or profit, whether at work during the reference period or not at work due to temporary absence from a job, or to working-time arrangement. The industry sector consists of mining and quarrying, manufacturing, construction, and public utilities (electricity, gas, and water), in accordance with divisions 2-5 (ISIC 2) or categories C-F (ISIC 3) or categories B-F (ISIC 4).","Employment is defined as persons of working age who were engaged in any activity to produce goods or provide services for pay or profit, whether at work during the reference period or not at work due to temporary absence from a job, or to working-time arrangement. The industry sector consists of mining and quarrying, manufacturing, construction, and public utilities (electricity, gas, and water), in accordance with divisions 2-5 (ISIC 2) or categories C-F (ISIC 3) or categories B-F (ISIC 4).#SocialProtection&Labor #Gender. Learn more at https://data.worldbank.org/indicator/SL.IND.EMPL.FE.ZS",1313559852006899700,1
DC.DAC.DEUL.CD,"Net bilateral aid flows from DAC donors, Germany (current US$)","Net bilateral aid flows from DAC donors are the net disbursements of official development assistance (ODA) or official aid from the members of the Development Assistance Committee (DAC). Net disbursements are gross disbursements of grants and loans minus repayments of principal on earlier loans. ODA consists of loans made on concessional terms (with a grant element of at least 25 percent, calculated at a rate of discount of 10 percent) and grants made to promote economic development and welfare in countries and territories in the DAC list of ODA recipients. Official aid refers to aid flows from official donors to countries and territories in part II of the DAC list of recipients: more advanced countries of Central and Eastern Europe, the countries of the former Soviet Union, and certain advanced developing countries and territories. Official aid is provided under terms and conditions similar to those for ODA. Part II of the DAC List was abolished in 2005. The collection of data on official aid and other resource flows to Part II countries ended with 2004 data. DAC members are Australia, Austria, Belgium, Canada, Czech Republic, Denmark, Finland, France, Germany, Greece, Hungary, Iceland, Ireland, Italy, Japan, Korea, Luxembourg, The Netherlands, New Zealand, Norway, Poland, Portugal, Slovak Republic, Slovienia, Spain, Sweden, Switzerland, United Kingdom, United States, and European Union Institutions. Regional aggregates include data for economies not specified elsewhere. World and income group totals include aid not allocated by country or region. Data are in current U.S. dollars.","Net bilateral aid flows from DAC donors are the net disbursements of official development assistance (ODA) or official aid from the members of the Development Assistance Committee (DAC). Net disbursements are gross disbursements of grants and loans minus repayments of principal on earlier loans. ODA consists of loans made on concessional terms (with a grant element of at least 25 percent, calculated at a rate of discount of 10 percent) and grants made to promote economic development and welfare in countries and territories in the DAC list of ODA recipients. Official aid refers to aid flows from official donors to countries and territories in part II of the DAC list of recipients: more advanced countries of Central and Eastern Europe, the countries of the former Soviet Union, and certain advanced developing countries and territories. Official aid is provided under terms and conditions similar to those for ODA. Part II of the DAC List was abolished in 2005. The collection of data on official aid and other resource flows to Part II countries ended with 2004 data. DAC members are Australia, Austria, Belgium, Canada, Czech Republic, Denmark, Finland, France, Germany, Greece, Hungary, Iceland, Ireland, Italy, Japan, Korea, Luxembourg, The Netherlands, New Zealand, Norway, Poland, Portugal, Slovak Republic, Slovienia, Spain, Sweden, Switzerland, United Kingdom, United States, and European Union Institutions. Regional aggregates include data for economies not specified elsewhere. World and income group totals include aid not allocated by country or region. Data are in current U.S. dollars.#AidEffectiveness. Learn more at https://data.worldbank.org/indicator/DC.DAC.DEUL.CD",1313559852006899700,3
NY.GNP.PCAP.CD,"GNI per capita, Atlas method (current US$)","GNI per capita (formerly GNP per capita) is the gross national income, converted to U.S. dollars using the World Bank Atlas method, divided by the midyear population. GNI is the sum of value added by all resident producers plus any product taxes (less subsidies) not included in the valuation of output plus net receipts of primary income (compensation of employees and property income) from abroad. GNI, calculated in national currency, is usually converted to U.S. dollars at official exchange rates for comparisons across economies, although an alternative rate is used when the official exchange rate is judged to diverge by an exceptionally large margin from the rate actually applied in international transactions. To smooth fluctuations in prices and exchange rates, a special Atlas method of conversion is used by the World Bank. This applies a conversion factor that averages the exchange rate for a given year and the two preceding years, adjusted for differences in rates of inflation between the country, and through 2000, the G-5 countries (France, Germany, Japan, the United Kingdom, and the United States). From 2001, these countries include the Euro area, Japan, the United Kingdom, and the United States.","GNI per capita (formerly GNP per capita) is the gross national income, converted to U.S. dollars using the World Bank Atlas method, divided by the midyear population. GNI is the sum of value added by all resident producers plus any product taxes (less subsidies) not included in the valuation of output plus net receipts of primary income (compensation of employees and property income) from abroad. GNI, calculated in national currency, is usually converted to U.S. dollars at official exchange rates for comparisons across economies, although an alternative rate is used when the official exchange rate is judged to diverge by an exceptionally large margin from the rate actually applied in international transactions. To smooth fluctuations in prices and exchange rates, a special Atlas method of conversion is used by the World Bank. This applies a conversion factor that averages the exchange rate for a given year and the two preceding years, adjusted for differences in rates of inflation between the country, and through 2000, the G-5 countries (France, Germany, Japan, the United Kingdom, and the United States). From 2001, these countries include the Euro area, Japan, the United Kingdom, and the United States.#Economy&Growth. Learn more at https://data.worldbank.org/indicator/NY.GNP.PCAP.CD",1313559852006899700,3
NY.ADJ.DCO2.GN.ZS,Adjusted savings: carbon dioxide damage (% of GNI),"Cost of damage due to carbon dioxide emissions from fossil fuel use and the manufacture of cement, estimated to be US$30 per ton of CO2 (the unit damage in 2014 US dollars for CO2 emitted in 2015) times the number of tons of CO2 emitted.","Cost of damage due to carbon dioxide emissions from fossil fuel use and the manufacture of cement, estimated to be US$30 per ton of CO2 (the unit damage in 2014 US dollars for CO2 emitted in 2015) times the number of tons of CO2 emitted.#Economy&Growth #Environment. Learn more at https://data.worldbank.org/indicator/NY.ADJ.DCO2.GN.ZS",1313559852006899700,1
SL.EMP.TOTL.SP.FE.ZS,"Employment to population ratio, 15+, female (%) (modeled ILO estimate)","Employment to population ratio is the proportion of a country's population that is employed. Employment is defined as persons of working age who, during a short reference period, were engaged in any activity to produce goods or provide services for pay or profit, whether at work during the reference period (i.e. who worked in a job for at least one hour) or not at work due to temporary absence from a job, or to working-time arrangements. Ages 15 and older are generally considered the working-age population.","Employment to population ratio is the proportion of a country's population that is employed. Employment is defined as persons of working age who, during a short reference period, were engaged in any activity to produce goods or provide services for pay or profit, whether at work during the reference period (i.e. who worked in a job for at least one hour) or not at work due to temporary absence from a job, or to working-time arrangements. Ages 15 and older are generally considered the working-age population.#SocialProtection&Labor #Gender. Learn more at https://data.worldbank.org/indicator/SL.EMP.TOTL.SP.FE.ZS",1313559852006899700,1
NY.GDP.NGAS.RT.ZS,Natural gas rents (% of GDP),Natural gas rents are the difference between the value of natural gas production at world prices and total costs of production.,Natural gas rents are the difference between the value of natural gas production at world prices and total costs of production.#Energy&Mining #Environment. Learn more at https://data.worldbank.org/indicator/NY.GDP.NGAS.RT.ZS,1313796418008764400,1
DT.NFL.IAEA.CD,"Net official flows from UN agencies, IAEA (current US$)","Net official flows from UN agencies are the net disbursements of total official flows from the UN agencies. Total official flows are the sum of Official Development Assistance (ODA) or official aid and Other Official Flows (OOF) and represent the total disbursements by the official sector at large to the recipient country. Net disbursements are gross disbursements of grants and loans minus repayments of principal on earlier loans. ODA consists of loans made on concessional terms (with a grant element of at least 25 percent, calculated at a rate of discount of 10 percent) and grants made to promote economic development and welfare in countries and territories in the DAC list of ODA recipients. Official aid refers to aid flows from official donors to countries and territories in part II of the DAC list of recipients: more advanced countries of Central and Eastern Europe, the countries of the former Soviet Union, and certain advanced developing countries and territories. Official aid is provided under terms and conditions similar to those for ODA. Part II of the DAC List was abolished in 2005. The collection of data on official aid and other resource flows to Part II countries ended with 2004 data. OOF are transactions by the official sector whose main objective is other than development-motivated, or, if development-motivated, whose grant element is below the 25 per cent threshold which would make them eligible to be recorded as ODA. The main classes of transactions included here are official export credits, official sector equity and portfolio investment, and debt reorganization undertaken by the official sector at nonconcessional terms (irrespective of the nature or the identity of the original creditor). UN agencies are United Nations includes the United Nations Children’s Fund (UNICEF), United Nations Relief and Works Agency for Palestine Refugees in the Near East (UNRWA), World Food Programme (WFP), International Fund for Agricultural Development (IFAD), United Nations Development Programme(UNDP), United Nations Population Fund (UNFPA), United Nations Refugee Agency (UNHCR), Joint United Nations Programme on HIV/AIDS (UNAIDS), United Nations Regular Programme for Technical Assistance (UNTA), United Nations Peacebuilding Fund (UNPBF), International Atomic Energy Agency (IAEA), Wolrd Health Organization (WHO), United Nations Economic Commission for Europe (UNECE), Food and Agriculture Organization of the United Nations (FAO), International Labour Organization (ILO), United Nations Environment Programme (UNEP) and  World Tourism POrganization (UNWTO). Data are in current U.S. dollars.","Net official flows from UN agencies are the net disbursements of total official flows from the UN agencies. Total official flows are the sum of Official Development Assistance (ODA) or official aid and Other Official Flows (OOF) and represent the total disbursements by the official sector at large to the recipient country. Net disbursements are gross disbursements of grants and loans minus repayments of principal on earlier loans. ODA consists of loans made on concessional terms (with a grant element of at least 25 percent, calculated at a rate of discount of 10 percent) and grants made to promote economic development and welfare in countries and territories in the DAC list of ODA recipients. Official aid refers to aid flows from official donors to countries and territories in part II of the DAC list of recipients: more advanced countries of Central and Eastern Europe, the countries of the former Soviet Union, and certain advanced developing countries and territories. Official aid is provided under terms and conditions similar to those for ODA. Part II of the DAC List was abolished in 2005. The collection of data on official aid and other resource flows to Part II countries ended with 2004 data. OOF are transactions by the official sector whose main objective is other than development-motivated, or, if development-motivated, whose grant element is below the 25 per cent threshold which would make them eligible to be recorded as ODA. The main classes of transactions included here are official export credits, official sector equity and portfolio investment, and debt reorganization undertaken by the official sector at nonconcessional terms (irrespective of the nature or the identity of the original creditor). UN agencies are United Nations includes the United Nations Children’s Fund (UNICEF), United Nations Relief and Works Agency for Palestine Refugees in the Near East (UNRWA), World Food Programme (WFP), International Fund for Agricultural Development (IFAD), United Nations Development Programme(UNDP), United Nations Population Fund (UNFPA), United Nations Refugee Agency (UNHCR), Joint United Nations Programme on HIV/AIDS (UNAIDS), United Nations Regular Programme for Technical Assistance (UNTA), United Nations Peacebuilding Fund (UNPBF), International Atomic Energy Agency (IAEA), Wolrd Health Organization (WHO), United Nations Economic Commission for Europe (UNECE), Food and Agriculture Organization of the United Nations (FAO), International Labour Organization (ILO), United Nations Environment Programme (UNEP) and  World Tourism POrganization (UNWTO). Data are in current U.S. dollars.#AidEffectiveness. Learn more at https://data.worldbank.org/indicator/DT.NFL.IAEA.CD",1313796418008764400,2
SL.TLF.ACTI.ZS,"Labor force participation rate, total (% of total population ages 15-64) (modeled ILO estimate)",Labor force participation rate is the proportion of the population ages 15-64 that is economically active: all people who supply labor for the production of goods and services during a specified period.,Labor force participation rate is the proportion of the population ages 15-64 that is economically active: all people who supply labor for the production of goods and services during a specified period.#SocialProtection&Labor #SocialDevelopment. Learn more at https://data.worldbank.org/indicator/SL.TLF.ACTI.ZS,1313796418008764400,3
DT.DOD.DPNG.CD,"External debt stocks, private nonguaranteed (PNG) (DOD, current US$)",Private nonguaranteed external debt comprises long-term external obligations of private debtors that are not guaranteed for repayment by a public entity. Data are in current U.S. dollars.,Private nonguaranteed external debt comprises long-term external obligations of private debtors that are not guaranteed for repayment by a public entity. Data are in current U.S. dollars.#ExternalDebt. Learn more at https://data.worldbank.org/indicator/DT.DOD.DPNG.CD,1313796466595573800,3
SL.EMP.WORK.FE.ZS,"Wage and salaried workers, female (% of female employment) (modeled ILO estimate)","Wage and salaried workers (employees) are those workers who hold the type of jobs defined as ""paid employment jobs,"" where the incumbents hold explicit (written or oral) or implicit employment contracts that give them a basic remuneration that is not directly dependent upon the revenue of the unit for which they work.","Wage and salaried workers (employees) are those workers who hold the type of jobs defined as ""paid employment jobs,"" where the incumbents hold explicit (written or oral) or implicit employment contracts that give them a basic remuneration that is not directly dependent upon the revenue of the unit for which they work.#SocialProtection&Labor #Gender. Learn more at https://data.worldbank.org/indicator/SL.EMP.WORK.FE.ZS",1313856731584364500,1
DC.DAC.GBRL.CD,"Net bilateral aid flows from DAC donors, United Kingdom (current US$)","Net bilateral aid flows from DAC donors are the net disbursements of official development assistance (ODA) or official aid from the members of the Development Assistance Committee (DAC). Net disbursements are gross disbursements of grants and loans minus repayments of principal on earlier loans. ODA consists of loans made on concessional terms (with a grant element of at least 25 percent, calculated at a rate of discount of 10 percent) and grants made to promote economic development and welfare in countries and territories in the DAC list of ODA recipients. Official aid refers to aid flows from official donors to countries and territories in part II of the DAC list of recipients: more advanced countries of Central and Eastern Europe, the countries of the former Soviet Union, and certain advanced developing countries and territories. Official aid is provided under terms and conditions similar to those for ODA. Part II of the DAC List was abolished in 2005. The collection of data on official aid and other resource flows to Part II countries ended with 2004 data. DAC members are Australia, Austria, Belgium, Canada, Czech Republic, Denmark, Finland, France, Germany, Greece, Hungary, Iceland, Ireland, Italy, Japan, Korea, Luxembourg, The Netherlands, New Zealand, Norway, Poland, Portugal, Slovak Republic, Slovienia, Spain, Sweden, Switzerland, United Kingdom, United States, and European Union Institutions. Regional aggregates include data for economies not specified elsewhere. World and income group totals include aid not allocated by country or region. Data are in current U.S. dollars.","Net bilateral aid flows from DAC donors are the net disbursements of official development assistance (ODA) or official aid from the members of the Development Assistance Committee (DAC). Net disbursements are gross disbursements of grants and loans minus repayments of principal on earlier loans. ODA consists of loans made on concessional terms (with a grant element of at least 25 percent, calculated at a rate of discount of 10 percent) and grants made to promote economic development and welfare in countries and territories in the DAC list of ODA recipients. Official aid refers to aid flows from official donors to countries and territories in part II of the DAC list of recipients: more advanced countries of Central and Eastern Europe, the countries of the former Soviet Union, and certain advanced developing countries and territories. Official aid is provided under terms and conditions similar to those for ODA. Part II of the DAC List was abolished in 2005. The collection of data on official aid and other resource flows to Part II countries ended with 2004 data. DAC members are Australia, Austria, Belgium, Canada, Czech Republic, Denmark, Finland, France, Germany, Greece, Hungary, Iceland, Ireland, Italy, Japan, Korea, Luxembourg, The Netherlands, New Zealand, Norway, Poland, Portugal, Slovak Republic, Slovienia, Spain, Sweden, Switzerland, United Kingdom, United States, and European Union Institutions. Regional aggregates include data for economies not specified elsewhere. World and income group totals include aid not allocated by country or region. Data are in current U.S. dollars.#AidEffectiveness. Learn more at https://data.worldbank.org/indicator/DC.DAC.GBRL.CD",1313856731584364500,2
NE.CON.PRVT.KN,Households and NPISHs Final consumption expenditure (constant LCU),"Household final consumption expenditure (formerly private consumption) is the market value of all goods and services, including durable products (such as cars, washing machines, and home computers), purchased by households. It excludes purchases of dwellings but includes imputed rent for owner-occupied dwellings. It also includes payments and fees to governments to obtain permits and licenses. Here, household consumption expenditure includes the expenditures of nonprofit institutions serving households, even when reported separately by the country. Data are in constant local currency.","Household final consumption expenditure (formerly private consumption) is the market value of all goods and services, including durable products (such as cars, washing machines, and home computers), purchased by households. It excludes purchases of dwellings but includes imputed rent for owner-occupied dwellings. It also includes payments and fees to governments to obtain permits and licenses. Here, household consumption expenditure includes the expenditures of nonprofit institutions serving households, even when reported separately by the country. Data are in constant local currency.#Economy&Growth. Learn more at https://data.worldbank.org/indicator/NE.CON.PRVT.KN",1313856731584364500,2
NY.TRF.NCTR.CN,Net secondary income (Net current transfers from abroad) (current LCU),Current transfers comprise transfers of income between residents of the reporting country and the rest of the world that carry no provisions for repayment. Net current transfers from abroad is equal to the unrequited transfers of income from nonresidents to residents minus the unrequited transfers from residents to nonresidents. Data are in current local currency.,Current transfers comprise transfers of income between residents of the reporting country and the rest of the world that carry no provisions for repayment. Net current transfers from abroad is equal to the unrequited transfers of income from nonresidents to residents minus the unrequited transfers from residents to nonresidents. Data are in current local currency.#Economy&Growth. Learn more at https://data.worldbank.org/indicator/NY.TRF.NCTR.CN,1313856731584364500,3
SP.POP.0014.MA.IN,"Population ages 0-14, male","Male population between the ages 0 to 14. Population is based on the de facto definition of population, which counts all residents regardless of legal status or citizenship.","Male population between the ages 0 to 14. Population is based on the de facto definition of population, which counts all residents regardless of legal status or citizenship.#Health. Learn more at https://data.worldbank.org/indicator/SP.POP.0014.MA.IN",1314037955292549e3,3
TX.VAL.MRCH.R5.ZS,Merchandise exports to low- and middle-income economies in South Asia (% of total merchandise exports),Merchandise exports to low- and middle-income economies in South Asia are the sum of merchandise exports from the reporting economy to low- and middle-income economies in the South Asia region according to World Bank classification of economies. Data are as a percentage of total merchandise exports by the economy. Data are computed only if at least half of the economies in the partner country group had non-missing data.,Merchandise exports to low- and middle-income economies in South Asia are the sum of merchandise exports from the reporting economy to low- and middle-income economies in the South Asia region according to World Bank classification of economies. Data are as a percentage of total merchandise exports by the economy. Data are computed only if at least half of the economies in the partner country group had non-missing data.#PrivateSector #Trade. Learn more at https://data.worldbank.org/indicator/TX.VAL.MRCH.R5.ZS,1314037955292549e3,3
SL.EMP.TOTL.SP.MA.ZS,"Employment to population ratio, 15+, male (%) (modeled ILO estimate)","Employment to population ratio is the proportion of a country's population that is employed. Employment is defined as persons of working age who, during a short reference period, were engaged in any activity to produce goods or provide services for pay or profit, whether at work during the reference period (i.e. who worked in a job for at least one hour) or not at work due to temporary absence from a job, or to working-time arrangements. Ages 15 and older are generally considered the working-age population.","Employment to population ratio is the proportion of a country's population that is employed. Employment is defined as persons of working age who, during a short reference period, were engaged in any activity to produce goods or provide services for pay or profit, whether at work during the reference period (i.e. who worked in a job for at least one hour) or not at work due to temporary absence from a job, or to working-time arrangements. Ages 15 and older are generally considered the working-age population.#SocialProtection&Labor #Gender. Learn more at https://data.worldbank.org/indicator/SL.EMP.TOTL.SP.MA.ZS",1314037955292549e3,3
EG.ELC.ACCS.RU.ZS,"Access to electricity, rural (% of rural population)","Access to electricity, rural is the percentage of rural population with access to electricity.","Access to electricity, rural is the percentage of rural population with access to electricity.#Agriculture&RuralDevelopment #Energy&Mining. Learn more at https://data.worldbank.org/indicator/EG.ELC.ACCS.RU.ZS",1314098501744296e3,2
DC.DAC.JPNL.CD,"Net bilateral aid flows from DAC donors, Japan (current US$)","Net bilateral aid flows from DAC donors are the net disbursements of official development assistance (ODA) or official aid from the members of the Development Assistance Committee (DAC). Net disbursements are gross disbursements of grants and loans minus repayments of principal on earlier loans. ODA consists of loans made on concessional terms (with a grant element of at least 25 percent, calculated at a rate of discount of 10 percent) and grants made to promote economic development and welfare in countries and territories in the DAC list of ODA recipients. Official aid refers to aid flows from official donors to countries and territories in part II of the DAC list of recipients: more advanced countries of Central and Eastern Europe, the countries of the former Soviet Union, and certain advanced developing countries and territories. Official aid is provided under terms and conditions similar to those for ODA. Part II of the DAC List was abolished in 2005. The collection of data on official aid and other resource flows to Part II countries ended with 2004 data. DAC members are Australia, Austria, Belgium, Canada, Czech Republic, Denmark, Finland, France, Germany, Greece, Hungary, Iceland, Ireland, Italy, Japan, Korea, Luxembourg, The Netherlands, New Zealand, Norway, Poland, Portugal, Slovak Republic, Slovienia, Spain, Sweden, Switzerland, United Kingdom, United States, and European Union Institutions. Regional aggregates include data for economies not specified elsewhere. World and income group totals include aid not allocated by country or region. Data are in current U.S. dollars.","Net bilateral aid flows from DAC donors are the net disbursements of official development assistance (ODA) or official aid from the members of the Development Assistance Committee (DAC). Net disbursements are gross disbursements of grants and loans minus repayments of principal on earlier loans. ODA consists of loans made on concessional terms (with a grant element of at least 25 percent, calculated at a rate of discount of 10 percent) and grants made to promote economic development and welfare in countries and territories in the DAC list of ODA recipients. Official aid refers to aid flows from official donors to countries and territories in part II of the DAC list of recipients: more advanced countries of Central and Eastern Europe, the countries of the former Soviet Union, and certain advanced developing countries and territories. Official aid is provided under terms and conditions similar to those for ODA. Part II of the DAC List was abolished in 2005. The collection of data on official aid and other resource flows to Part II countries ended with 2004 data. DAC members are Australia, Austria, Belgium, Canada, Czech Republic, Denmark, Finland, France, Germany, Greece, Hungary, Iceland, Ireland, Italy, Japan, Korea, Luxembourg, The Netherlands, New Zealand, Norway, Poland, Portugal, Slovak Republic, Slovienia, Spain, Sweden, Switzerland, United Kingdom, United States, and European Union Institutions. Regional aggregates include data for economies not specified elsewhere. World and income group totals include aid not allocated by country or region. Data are in current U.S. dollars.#AidEffectiveness. Learn more at https://data.worldbank.org/indicator/DC.DAC.JPNL.CD",1314098501744296e3,1
DT.TDS.MLAT.PG.ZS,Multilateral debt service (% of public and publicly guaranteed debt service),"Multilateral debt service is the repayment of principal and interest to the World Bank, regional development banks, and other multilateral agencies. public and publicly guaranteed debt service is the sum of principal repayments and interest actually paid in currency, goods, or services on long-term obligations of public debtors and long-term private obligations guaranteed by a public entity.","Multilateral debt service is the repayment of principal and interest to the World Bank, regional development banks, and other multilateral agencies. public and publicly guaranteed debt service is the sum of principal repayments and interest actually paid in currency, goods, or services on long-term obligations of public debtors and long-term private obligations guaranteed by a public entity.#ExternalDebt. Learn more at https://data.worldbank.org/indicator/DT.TDS.MLAT.PG.ZS",1314098501744296e3,2
DC.DAC.CANL.CD,"Net bilateral aid flows from DAC donors, Canada (current US$)","Net bilateral aid flows from DAC donors are the net disbursements of official development assistance (ODA) or official aid from the members of the Development Assistance Committee (DAC). Net disbursements are gross disbursements of grants and loans minus repayments of principal on earlier loans. ODA consists of loans made on concessional terms (with a grant element of at least 25 percent, calculated at a rate of discount of 10 percent) and grants made to promote economic development and welfare in countries and territories in the DAC list of ODA recipients. Official aid refers to aid flows from official donors to countries and territories in part II of the DAC list of recipients: more advanced countries of Central and Eastern Europe, the countries of the former Soviet Union, and certain advanced developing countries and territories. Official aid is provided under terms and conditions similar to those for ODA. Part II of the DAC List was abolished in 2005. The collection of data on official aid and other resource flows to Part II countries ended with 2004 data. DAC members are Australia, Austria, Belgium, Canada, Czech Republic, Denmark, Finland, France, Germany, Greece, Hungary, Iceland, Ireland, Italy, Japan, Korea, Luxembourg, The Netherlands, New Zealand, Norway, Poland, Portugal, Slovak Republic, Slovienia, Spain, Sweden, Switzerland, United Kingdom, United States, and European Union Institutions. Regional aggregates include data for economies not specified elsewhere. World and income group totals include aid not allocated by country or region. Data are in current U.S. dollars.","Net bilateral aid flows from DAC donors are the net disbursements of official development assistance (ODA) or official aid from the members of the Development Assistance Committee (DAC). Net disbursements are gross disbursements of grants and loans minus repayments of principal on earlier loans. ODA consists of loans made on concessional terms (with a grant element of at least 25 percent, calculated at a rate of discount of 10 percent) and grants made to promote economic development and welfare in countries and territories in the DAC list of ODA recipients. Official aid refers to aid flows from official donors to countries and territories in part II of the DAC list of recipients: more advanced countries of Central and Eastern Europe, the countries of the former Soviet Union, and certain advanced developing countries and territories. Official aid is provided under terms and conditions similar to those for ODA. Part II of the DAC List was abolished in 2005. The collection of data on official aid and other resource flows to Part II countries ended with 2004 data. DAC members are Australia, Austria, Belgium, Canada, Czech Republic, Denmark, Finland, France, Germany, Greece, Hungary, Iceland, Ireland, Italy, Japan, Korea, Luxembourg, The Netherlands, New Zealand, Norway, Poland, Portugal, Slovak Republic, Slovienia, Spain, Sweden, Switzerland, United Kingdom, United States, and European Union Institutions. Regional aggregates include data for economies not specified elsewhere. World and income group totals include aid not allocated by country or region. Data are in current U.S. dollars.#AidEffectiveness. Learn more at https://data.worldbank.org/indicator/DC.DAC.CANL.CD",1314098501744296e3,2
ST.INT.TRNR.CD,"International tourism, receipts for passenger transport items (current US$)","International tourism receipts for passenger transport items are expenditures by international inbound visitors for all services provided in the international transportation by resident carriers. Also included are passenger services performed within an economy by nonresident carriers. Excluded are passenger services provided to nonresidents by resident carriers within the resident economies; these are included in travel items. In addition to the services covered by passenger fares--including fares that are a part of package tours but excluding cruise fares, which are included in travel--passenger services include such items as charges for excess baggage, vehicles, or other personal accompanying effects and expenditures for food, drink, or other items for which passengers make expenditures while on board carriers. Data are in current U.S. dollars.","International tourism receipts for passenger transport items are expenditures by international inbound visitors for all services provided in the international transportation by resident carriers. Also included are passenger services performed within an economy by nonresident carriers. Excluded are passenger services provided to nonresidents by resident carriers within the resident economies; these are included in travel items. In addition to the services covered by passenger fares--including fares that are a part of package tours but excluding cruise fares, which are included in travel--passenger services include such items as charges for excess baggage, vehicles, or other personal accompanying effects and expenditures for food, drink, or other items for which passengers make expenditures while on board carriers. Data are in current U.S. dollars.#PrivateSector #Trade. Learn more at https://data.worldbank.org/indicator/ST.INT.TRNR.CD",1314098501744296e3,2
AG.LND.TOTL.K2,Land area (sq. km),"Land area is a country's total area, excluding area under inland water bodies, national claims to continental shelf, and exclusive economic zones. In most cases the definition of inland water bodies includes major rivers and lakes.","Land area is a country's total area, excluding area under inland water bodies, national claims to continental shelf, and exclusive economic zones. In most cases the definition of inland water bodies includes major rivers and lakes.#Agriculture&RuralDevelopment #Environment. Learn more at https://data.worldbank.org/indicator/AG.LND.TOTL.K2",1314098501744296e3,1
EN.ATM.GHGT.ZG,Total greenhouse gas emissions (% change from 1990),"Total greenhouse gas emissions are composed of CO2 totals excluding short-cycle biomass burning (such as agricultural waste burning and savanna burning) but including other biomass burning (such as forest fires, post-burn decay, peat fires and decay of drained peatlands), all anthropogenic CH4 sources, N2O sources and F-gases (HFCs, PFCs and SF6). Each year of data shows the percentage change to that year from 1990.","Total greenhouse gas emissions are composed of CO2 totals excluding short-cycle biomass burning (such as agricultural waste burning and savanna burning) but including other biomass burning (such as forest fires, post-burn decay, peat fires and decay of drained peatlands), all anthropogenic CH4 sources, N2O sources and F-gases (HFCs, PFCs and SF6). Each year of data shows the percentage change to that year from 1990.#ClimateChange #Environment. Learn more at https://data.worldbank.org/indicator/EN.ATM.GHGT.ZG",1314098501744296e3,1
EN.ATM.GHGT.ZG,Total greenhouse gas emissions (% change from 1990),"Total greenhouse gas emissions are composed of CO2 totals excluding short-cycle biomass burning (such as agricultural waste burning and savanna burning) but including other biomass burning (such as forest fires, post-burn decay, peat fires and decay of drained peatlands), all anthropogenic CH4 sources, N2O sources and F-gases (HFCs, PFCs and SF6). Each year of data shows the percentage change to that year from 1990.",Total greenhouse gas emissions (% change from 1990)#ClimateChange #Environment. Learn more at https://data.worldbank.org/indicator/EN.ATM.GHGT.ZG,1314207200403832800,1
EN.ATM.GHGT.KT.CE,Total greenhouse gas emissions (kt of CO2 equivalent),"Total greenhouse gas emissions in kt of CO2 equivalent are composed of CO2 totals excluding short-cycle biomass burning (such as agricultural waste burning and savanna burning) but including other biomass burning (such as forest fires, post-burn decay, peat fires and decay of drained peatlands), all anthropogenic CH4 sources, N2O sources and F-gases (HFCs, PFCs and SF6).",Total greenhouse gas emissions (kt of CO2 equivalent)#ClimateChange #Environment. Learn more at https://data.worldbank.org/indicator/EN.ATM.GHGT.KT.CE,131420776504943e4,2
SH.XPD.OOPC.CH.ZS,Out-of-pocket expenditure (% of current health expenditure),Share of out-of-pocket payments of total current health expenditures.  Out-of-pocket payments are spending on health directly out-of-pocket by households.,Share of out-of-pocket payments of total current health expenditures.  Out-of-pocket payments are spending on health directly out-of-pocket by households.#Health. Learn more at https://data.worldbank.org/indicator/SH.XPD.OOPC.CH.ZS,1314221307991675e3,2
BX.GSR.CMCP.ZS,"Communications, computer, etc. (% of service exports, BoP)","Communications, computer, information, and other services cover international telecommunications; computer data; news-related service transactions between residents and nonresidents; construction services; royalties and license fees; miscellaneous business, professional, and technical services; personal, cultural, and recreational services; manufacturing services on physical inputs owned by others; and maintenance and repair services and government services not included elsewhere.","Communications, computer, etc. (% of service exports, BoP)#Economy&Growth #Trade. Learn more at https://data.worldbank.org/indicator/BX.GSR.CMCP.ZS",1314221327780282400,3
SP.POP.65UP.MA.IN,"Population ages 65 and above, male","Male population 65 years of age or older. Population is based on the de facto definition of population, which counts all residents regardless of legal status or citizenship.","Male population 65 years of age or older. Population is based on the de facto definition of population, which counts all residents regardless of legal status or citizenship.#Health. Learn more at https://data.worldbank.org/indicator/SP.POP.65UP.MA.IN",1314279539187609600,1
DT.DOD.MIBR.CD,"PPG, IBRD (DOD, current US$)",Public and publicly guaranteed debt outstanding from the International Bank for Reconstruction and Development (IBRD) is nonconcessional. Nonconcessional debt excludes loans with an original grant element of 25 percent or more. Data are in current U.S. dollars.,"PPG, IBRD (DOD, current US$)#ExternalDebt. Learn more at https://data.worldbank.org/indicator/DT.DOD.MIBR.CD",1314521112492093400,1
SL.AGR.EMPL.ZS,Employment in agriculture (% of total employment) (modeled ILO estimate),"Employment is defined as persons of working age who were engaged in any activity to produce goods or provide services for pay or profit, whether at work during the reference period or not at work due to temporary absence from a job, or to working-time arrangement. The agriculture sector consists of activities in agriculture, hunting, forestry and fishing, in accordance with division 1 (ISIC 2) or categories A-B (ISIC 3) or category A (ISIC 4).",Employment in agriculture (% of total employment) (modeled ILO estimate)#Agriculture&RuralDevelopment #SocialProtection&Labor. Learn more at https://data.worldbank.org/indicator/SL.AGR.EMPL.ZS,1314521128048775200,2
EN.ATM.CO2E.PP.GD,CO2 emissions (kg per PPP $ of GDP),"Carbon dioxide emissions are those stemming from the burning of fossil fuels and the manufacture of cement. They include carbon dioxide produced during consumption of solid, liquid, and gas fuels and gas flaring.",CO2 emissions (kg per PPP $ of GDP)#ClimateChange #Environment. Learn more at https://data.worldbank.org/indicator/EN.ATM.CO2E.PP.GD,1314580547130269700,1
FM.AST.DOMO.ZG.M3,Claims on other sectors of the domestic economy (annual growth as % of broad money),"Claims on other sectors of the domestic economy (IFS line 32S..ZK) include gross credit from the financial system to households, nonprofit institutions serving households, nonfinancial corporations, state and local governments, and social security funds.",Claims on other sectors of the domestic economy (annual growth as % of broad money)#FinancialSector. Learn more at https://data.worldbank.org/indicator/FM.AST.DOMO.ZG.M3,1314581495869329400,1
NE.IMP.GNFS.KD.ZG,Imports of goods and services (annual % growth),"Annual growth rate of imports of goods and services based on constant local currency. Aggregates are based on constant 2010 U.S. dollars. Imports of goods and services represent the value of all goods and other market services received from the rest of the world. They include the value of merchandise, freight, insurance, transport, travel, royalties, license fees, and other services, such as communication, construction, financial, information, business, personal, and government services. They exclude compensation of employees and investment income (formerly called factor services) and transfer payments.",Imports of goods and services (annual % growth)#Economy&Growth #Trade. Learn more at https://data.worldbank.org/indicator/NE.IMP.GNFS.KD.ZG,1314581515670556700,3
EN.POP.SLUM.UR.ZS,Population living in slums (% of urban population),"Population living in slums is the proportion of the urban population living in slum households. A slum household is defined as a group of individuals living under the same roof lacking one or more of the following conditions: access to improved water, access to improved sanitation, sufficient living area, and durability of housing.",Population living in slums (% of urban population)#Poverty #UrbanDevelopment #Environment. Learn more at https://data.worldbank.org/indicator/EN.POP.SLUM.UR.ZS,1314702309956497400,3
SP.POP.6064.FE.5Y,"Population ages 60-64, female (% of female population)",Female population between the ages 60 to 64 as a percentage of the total female population.,Female population between the ages 60 to 64 as a percentage of the total female population.#Health. Learn more at https://data.worldbank.org/indicator/SP.POP.6064.FE.5Y,1314823062722932700,3
SH.H2O.SMDW.UR.ZS,"People using safely managed drinking water services, urban (% of urban population)","The percentage of people using drinking water from an improved source that is accessible on premises, available when needed and free from faecal and priority chemical contamination. Improved water sources include piped water, boreholes or tubewells, protected dug wells, protected springs, and packaged or delivered water.","People using safely managed drinking water services, urban (% of urban population)#Health #Environment. Learn more at https://data.worldbank.org/indicator/SH.H2O.SMDW.UR.ZS",1314823092783534e3,1
EN.URB.LCTY,Population in largest city,Population in largest city is the urban population living in the country's largest metropolitan area.,Population in largest city is the urban population living in the country's largest metropolitan area.#UrbanDevelopment. Learn more at https://data.worldbank.org/indicator/EN.URB.LCTY,1314883479583195100,1
NE.CON.PRVT.PP.CD,"Households and NPISHs Final consumption expenditure, PPP (current international $)","This indicator provides values for households and NPISHs final consumption expenditure expressed in current international dollars converted by purchasing power parity (PPP) conversion factor.   Household final consumption expenditure (formerly private consumption) is the market value of all goods and services, including durable products (such as cars, washing machines, and home computers), purchased by households. It excludes purchases of dwellings but includes imputed rent for owner-occupied dwellings. It also includes payments and fees to governments to obtain permits and licenses. Here, household consumption expenditure includes the expenditures of nonprofit institutions serving households, even when reported separately by the country.   PPP conversion factor is a spatial price deflator and currency converter that eliminates the effects of the differences in price levels between countries.  From July 2020, “Households and NPISHs final consumption expenditure: linked series (current LCU)” [NE.CON.PRVT.CN.AD] is used as underlying expenditure in local currency unit so that it’s in line with time series of PPP conversion factor, private consumption (LCU per international $), which are extrapolated with linked CPI.","Households and NPISHs Final consumption expenditure, PPP (current international $)#Economy&Growth. Learn more at https://data.worldbank.org/indicator/NE.CON.PRVT.PP.CD",1314943894459736e3,2
SP.POP.0014.FE.IN,"Population ages 0-14, female","Female population between the ages 0 to 14. Population is based on the de facto definition of population, which counts all residents regardless of legal status or citizenship.","Female population between the ages 0 to 14. Population is based on the de facto definition of population, which counts all residents regardless of legal status or citizenship.#Health. Learn more at https://data.worldbank.org/indicator/SP.POP.0014.FE.IN",1314943908691013600,3
SH.IMM.HEPB,"Immunization, HepB3 (% of one-year-old children)","Child immunization rate, hepatitis B is the percentage of children ages 12-23 months who received hepatitis B vaccinations before 12 months or at any time before the survey. A child is considered adequately immunized after three doses.","Immunization, HepB3 (% of one-year-old children)#Health. Learn more at https://data.worldbank.org/indicator/SH.IMM.HEPB",1315245857755795500,1
LP.LPI.OVRL.XQ,Logistics performance index: Overall (1=low to 5=high),"Logistics Performance Index overall score reflects perceptions of a country's logistics based on efficiency of customs clearance process, quality of trade- and transport-related infrastructure, ease of arranging competitively priced shipments, quality of logistics services, ability to track and trace consignments, and frequency with which shipments reach the consignee within the scheduled time. The index ranges from 1 to 5, with a higher score representing better performance. Data are from Logistics Performance Index surveys conducted by the World Bank in partnership with academic and international institutions and private companies and individuals engaged in international logistics. 2009 round of surveys covered more than 5,000 country assessments by nearly 1,000 international freight forwarders. Respondents evaluate eight markets on six core dimensions on a scale from 1 (worst) to 5 (best). The markets are chosen based on the most important export and import markets of the respondent's country, random selection, and, for landlocked countries, neighboring countries that connect them with international markets. Scores for the six areas are averaged across all respondents and aggregated to a single score using principal components analysis. Details of the survey methodology and index construction methodology are in Arvis and others' Connecting to Compete 2010: Trade Logistics in the Global Economy (2010).",Logistics performance index: Overall (1=low to 5=high)#PrivateSector #Trade. Learn more at https://data.worldbank.org/indicator/LP.LPI.OVRL.XQ,1315306255985127400,3
NV.AGR.TOTL.CD,"Agriculture, forestry, and fishing, value added (current US$)","Agriculture corresponds to ISIC divisions 1-5 and includes forestry, hunting, and fishing, as well as cultivation of crops and livestock production. Value added is the net output of a sector after adding up all outputs and subtracting intermediate inputs. It is calculated without making deductions for depreciation of fabricated assets or depletion and degradation of natural resources. The origin of value added is determined by the International Standard Industrial Classification (ISIC), revision 3 or 4. Data are in current U.S. dollars.","Agriculture, forestry, and fishing, value added (current US$)#Agriculture&RuralDevelopment #Economy&Growth. Learn more at https://data.worldbank.org/indicator/NV.AGR.TOTL.CD",131530628272375e4,1
NY.ADJ.AEDU.GN.ZS,Adjusted savings: education expenditure (% of GNI),"Education expenditure refers to the current operating expenditures in education, including wages and salaries and excluding capital investments in buildings and equipment.","Education expenditure refers to the current operating expenditures in education, including wages and salaries and excluding capital investments in buildings and equipment.#Economy&Growth #Environment. Learn more at https://data.worldbank.org/indicator/NY.ADJ.AEDU.GN.ZS",1315366650527572e3,1
IC.ISV.DURS,Time to resolve insolvency (years),Time to resolve insolvency is the number of years from the filing for insolvency in court until the resolution of distressed assets.,Time to resolve insolvency is the number of years from the filing for insolvency in court until the resolution of distressed assets.#PrivateSector. Learn more at https://data.worldbank.org/indicator/IC.ISV.DURS,1315366677874442200,2
IC.EXP.CSDC.CD,"Cost to export, documentary compliance (US$)","Documentary compliance captures the time and cost associated with compliance with the documentary requirements of all government agencies of the origin economy, the destination economy and any transit economies. The aim is to measure the total burden of preparing the bundle of documents that will enable completion of the international trade for the product and partner pair assumed in the case study.","Cost to export, documentary compliance (US$)#PrivateSector #Trade. Learn more at https://data.worldbank.org/indicator/IC.EXP.CSDC.CD",1315427053257318400,2
NE.EXP.GNFS.KN,Exports of goods and services (constant LCU),"Exports of goods and services represent the value of all goods and other market services provided to the rest of the world. They include the value of merchandise, freight, insurance, transport, travel, royalties, license fees, and other services, such as communication, construction, financial, information, business, personal, and government services. They exclude compensation of employees and investment income (formerly called factor services) and transfer payments. Data are in constant local currency.",Exports of goods and services (constant LCU)#Economy&Growth. Learn more at https://data.worldbank.org/indicator/NE.EXP.GNFS.KN,1315427067794722800,3
SH.XPD.GHED.GD.ZS,Domestic general government health expenditure (% of GDP),Public expenditure on health from domestic sources as a share of the economy as measured by GDP.,Public expenditure on health from domestic sources as a share of the economy as measured by GDP.#Health. Learn more at https://data.worldbank.org/indicator/SH.XPD.GHED.GD.ZS,1315487449297158100,1
TM.VAL.MRCH.HI.ZS,Merchandise imports from high-income economies (% of total merchandise imports),Merchandise imports from high-income economies are the sum of merchandise imports by the reporting economy from high-income economies according to the World Bank classification of economies. Data are expressed as a percentage of total merchandise imports by the economy. Data are computed only if at least half of the economies in the partner country group had non-missing data.,Merchandise imports from high-income economies (% of total merchandise imports)#PrivateSector #Trade. Learn more at https://data.worldbank.org/indicator/TM.VAL.MRCH.HI.ZS,1315487463998206e3,3
SL.UEM.TOTL.FE.ZS,"Unemployment, female (% of female labor force) (modeled ILO estimate)",Unemployment refers to the share of the labor force that is without work but available for and seeking employment.,Unemployment refers to the share of the labor force that is without work but available for and seeking employment.#Education #SocialProtection&Labor #Gender #SocialDevelopment. Learn more at https://data.worldbank.org/indicator/SL.UEM.TOTL.FE.ZS,1315547840945455e3,1
EN.ATM.METH.KT.CE,Methane emissions (kt of CO2 equivalent),Methane emissions are those stemming from human activities such as agriculture and from industrial methane production.,Methane emissions are those stemming from human activities such as agriculture and from industrial methane production.#ClimateChange #Environment. Learn more at https://data.worldbank.org/indicator/EN.ATM.METH.KT.CE,1315668685093310500,1
NV.IND.TOTL.CN,"Industry (including construction), value added (current LCU)","Industry corresponds to ISIC divisions 10-45 and includes manufacturing (ISIC divisions 15-37). It comprises value added in mining, manufacturing (also reported as a separate subgroup), construction, electricity, water, and gas. Value added is the net output of a sector after adding up all outputs and subtracting intermediate inputs. It is calculated without making deductions for depreciation of fabricated assets or depletion and degradation of natural resources. The origin of value added is determined by the International Standard Industrial Classification (ISIC), revision 3. Data are in current local currency.","Industry (including construction), value added (current LCU)#Economy&Growth. Learn more at https://data.worldbank.org/indicator/NV.IND.TOTL.CN",1315729170857693200,1
SH.XPD.GHED.GD.ZS,Domestic general government health expenditure (% of GDP),Public expenditure on health from domestic sources as a share of the economy as measured by GDP.,Public expenditure on health from domestic sources as a share of the economy as measured by GDP.#Health. Learn more at https://data.worldbank.org/indicator/SH.XPD.GHED.GD.ZS,1315789449738031e3,1
NY.GDP.MKTP.CN.AD,GDP: linked series (current LCU),"GDP at purchaser's prices is the sum of gross value added by all resident producers in the economy plus any product taxes and minus any subsidies not included in the value of the products. It is calculated without making deductions for depreciation of fabricated assets or for depletion and degradation of natural resources. This series has been linked to produce a consistent time series to counteract breaks in series over time due to changes in base years, source data and methodologies. Thus, it may not be comparable with other national accounts series in the database for historical years. Data are in current local currency.",GDP: linked series (current LCU)#Economy&Growth. Learn more at https://data.worldbank.org/indicator/NY.GDP.MKTP.CN.AD,1315849862865354800,1
ER.LND.PTLD.ZS,Terrestrial protected areas (% of total land area),"Terrestrial protected areas are totally or partially protected areas of at least 1,000 hectares that are designated by national authorities as scientific reserves with limited public access, national parks, natural monuments, nature reserves or wildlife sanctuaries, protected landscapes, and areas managed mainly for sustainable use. Marine areas, unclassified areas, littoral (intertidal) areas, and sites protected under local or provincial law are excluded.",Terrestrial protected areas (% of total land area)#ClimateChange #Environment. Learn more at https://data.worldbank.org/indicator/ER.LND.PTLD.ZS,1315849884000452600,1
BX.KLT.DINV.WD.GD.ZS,"Foreign direct investment, net inflows (% of GDP)","Foreign direct investment are the net inflows of investment to acquire a lasting management interest (10 percent or more of voting stock) in an enterprise operating in an economy other than that of the investor. It is the sum of equity capital, reinvestment of earnings, other long-term capital, and short-term capital as shown in the balance of payments. This series shows net inflows (new investment inflows less disinvestment) in the reporting economy from foreign investors, and is divided by GDP.","Foreign direct investment, net inflows (% of GDP)#Economy&Growth #FinancialSector #ClimateChange. Learn more at https://data.worldbank.org/indicator/BX.KLT.DINV.WD.GD.ZS",1315910255499411500,3
ER.MRN.PTMR.ZS,Marine protected areas (% of territorial waters),Marine protected areas are areas of intertidal or subtidal terrain--and overlying water and associated flora and fauna and historical and cultural features--that have been reserved by law or other effective means to protect part or all of the enclosed environment.,Marine protected areas (% of territorial waters)#ClimateChange #Environment. Learn more at https://data.worldbank.org/indicator/ER.MRN.PTMR.ZS,1315910275414065200,3
SH.STA.ODFC.ZS,People practicing open defecation (% of population),"People practicing open defecation refers to the percentage of the population defecating in the open, such as in fields, forest, bushes, open bodies of water, on beaches, in other open spaces or disposed of with solid waste.",People practicing open defecation (% of population)#Health #Environment. Learn more at https://data.worldbank.org/indicator/SH.STA.ODFC.ZS,1316091479056580600,1
AG.PRD.LVSK.XD,Livestock production index (2004-2006 = 100),"Livestock production index includes meat and milk from all sources, dairy products such as cheese, and eggs, honey, raw silk, wool, and hides and skins.","Livestock production index includes meat and milk from all sources, dairy products such as cheese, and eggs, honey, raw silk, wool, and hides and skins.#Agriculture&RuralDevelopment. Learn more at https://data.worldbank.org/indicator/AG.PRD.LVSK.XD",1316091501982740500,2
SP.URB.TOTL,Urban population,Urban population refers to people living in urban areas as defined by national statistical offices. It is calculated using World Bank population estimates and urban ratios from the United Nations World Urbanization Prospects. Aggregation of urban and rural population may not add up to total population because of different country coverages.,Urban population#ClimateChange #UrbanDevelopment. Learn more at https://data.worldbank.org/indicator/SP.URB.TOTL,1316393475080847400,2
SP.DYN.LE00.FE.IN,"Life expectancy at birth, female (years)",Life expectancy at birth indicates the number of years a newborn infant would live if prevailing patterns of mortality at the time of its birth were to stay the same throughout its life.,"Life expectancy at birth, female (years)#Health #Gender #SocialDevelopment. Learn more at https://data.worldbank.org/indicator/SP.DYN.LE00.FE.IN",1316393639732535300,3
IC.IMP.TMDC,"Time to import, documentary compliance (hours)","Documentary compliance captures the time and cost associated with compliance with the documentary requirements of all government agencies of the origin economy, the destination economy and any transit economies. The aim is to measure the total burden of preparing the bundle of documents that will enable completion of the international trade for the product and partner pair assumed in the case study.","Time to import, documentary compliance (hours)#PrivateSector #Trade. Learn more at https://data.worldbank.org/indicator/IC.IMP.TMDC",1316454650825126e3,1
EN.ATM.GHGT.KT.CE,Total greenhouse gas emissions (kt of CO2 equivalent),"Total greenhouse gas emissions in kt of CO2 equivalent are composed of CO2 totals excluding short-cycle biomass burning (such as agricultural waste burning and savanna burning) but including other biomass burning (such as forest fires, post-burn decay, peat fires and decay of drained peatlands), all anthropogenic CH4 sources, N2O sources and F-gases (HFCs, PFCs and SF6).",Total greenhouse gas emissions (kt of CO2 equivalent)#ClimateChange #Environment. Learn more at https://data.worldbank.org/indicator/EN.ATM.GHGT.KT.CE,1316514677980049400,2
BM.GSR.FCTY.CD,"Primary income payments (BoP, current US$)","Primary income payments refer to employee compensation paid to nonresident workers and investment income (payments on direct investment, portfolio investment, other investments). Data are in current U.S. dollars.","Primary income payments (BoP, current US$)#Economy&Growth. Learn more at https://data.worldbank.org/indicator/BM.GSR.FCTY.CD",1316514703745716200,2
TM.VAL.FUEL.ZS.UN,Fuel imports (% of merchandise imports),"Fuels comprise the commodities in SITC section 3 (mineral fuels, lubricants and related materials).","Fuels comprise the commodities in SITC section 3 (mineral fuels, lubricants and related materials).#Energy&Mining #PrivateSector #Trade. Learn more at https://data.worldbank.org/indicator/TM.VAL.FUEL.ZS.UN",1316756233605578800,1
TM.TAX.TCOM.WM.FN.ZS,"Tariff rate, most favored nation, weighted mean, primary products (%)",Weighted mean most favored nations tariff is the average of most favored nation rates weighted by the product import shares corresponding to each partner country. Data are classified using the Harmonized System of trade at the six- or eight-digit level. Tariff line data were matched to Standard International Trade Classification (SITC) revision 3 codes to define commodity groups and import weights. Import weights were calculated using the United Nations Statistics Division's Commodity Trade (Comtrade) database. Primary products are commodities classified in SITC revision 3 sections 0-4 plus division 68 (nonferrous metals).,"Tariff rate, most favored nation, weighted mean, primary products (%)#PrivateSector #Trade. Learn more at https://data.worldbank.org/indicator/TM.TAX.TCOM.WM.FN.ZS",1316756253897621500,2
SP.POP.TOTL.FE.IN,"Population, female","Female population is based on the de facto definition of population, which counts all female residents regardless of legal status or citizenship.","Female population is based on the de facto definition of population, which counts all female residents regardless of legal status or citizenship.#Health. Learn more at https://data.worldbank.org/indicator/SP.POP.TOTL.FE.IN",1317060388798779400,3
TM.VAL.ICTG.ZS.UN,ICT goods imports (% total goods imports),"Information and communication technology goods imports include computers and peripheral equipment, communication equipment, consumer electronic equipment, electronic components, and other information and technology goods (miscellaneous).",ICT goods imports (% total goods imports)#Infrastructure #PrivateSector #Trade. Learn more at https://data.worldbank.org/indicator/TM.VAL.ICTG.ZS.UN,1317118708234539e3,1
SP.POP.1564.MA.ZS,"Population ages 15-64, male (% of male population)","Male population between the ages 15 to 64 as a percentage of the total male population. Population is based on the de facto definition of population, which counts all residents regardless of legal status or citizenship.","Population ages 15-64, male (% of male population)#Health. Learn more at https://data.worldbank.org/indicator/SP.POP.1564.MA.ZS",1317118740127993900,1
